N,T,batch,order_position,repetition,elapsed_ns,seed,checksum,time_s,vectors_per_s,elements_per_s,ns_per_element,gflop_per_s_3flop_convention,x_payload_gb_per_s
16384,2048,1,1,1,34052384,42,21978482.1873,0.034052384,481141.056086,985376882.864,1.01484012604,2.95613064859,7.88301506291
16384,2048,1,1,2,34261583,42,21978482.1873,0.034261583,478203.240055,979360235.632,1.02107474208,2.9380807069,7.83488188505
16384,2048,1,1,3,34063759,42,21978482.1873,0.034063759,480980.387396,985047833.388,1.01517912745,2.95514350016,7.8803826671
16384,2048,1,1,4,34046293,42,21978482.1873,0.034046293,481227.133891,985553170.209,1.01465860009,2.95665951063,7.88442536167
16384,2048,1,1,5,34236623,42,21978482.1873,0.034236623,478551.871194,980074232.205,1.02033087611,2.94022269661,7.84059385764
16384,2048,1,1,6,34048478,42,21978482.1873,0.034048478,481196.252003,985489924.102,1.01472371817,2.95646977231,7.88391939281
16384,4096,1,2,1,69759245,42,44120056.6544,0.069759245,234864.927222,962006741.902,1.03949375451,2.88602022571,7.69605393522
16384,4096,1,2,2,69397435,42,44120056.6544,0.069397435,236089.417426,967022253.776,1.03410236537,2.90106676133,7.73617803021
16384,4096,1,2,3,69659930,42,44120056.6544,0.06965993,235199.776974,963378286.484,1.03801384568,2.89013485945,7.70702629187
16384,4096,1,2,4,70648805,42,44120056.6544,0.070648805,231907.673456,949893830.476,1.05274923146,2.84968149143,7.59915064381
16384,4096,1,2,5,69420754,42,44120056.6544,0.069420754,236010.113056,966697423.079,1.03444984555,2.90009226924,7.73357938463
16384,4096,1,2,6,71243136,42,44120056.6544,0.071243136,229973.032069,941969539.353,1.06160545349,2.82590861806,7.53575631483
16384,512,1,3,1,8632845,42,5365761.84264,0.008632845,1897867.96821,971708399.722,1.02911531925,2.91512519917,7.77366719778
16384,512,1,3,2,8408843,42,5365761.84264,0.008408843,1948425.00924,997593604.733,1.00241219997,2.9927808142,7.98074883786
16384,512,1,3,3,8623278,42,5365761.84264,0.008623278,1899973.53675,972786450.814,1.02797484398,2.91835935244,7.78229160651
16384,512,1,3,4,8552982,42,5365761.84264,0.008552982,1915589.2062,980781673.573,1.01959490776,2.94234502072,7.84625338858
16384,512,1,3,5,8516607,42,5365761.84264,0.008516607,1923770.81624,984970657.916,1.01525866985,2.95491197375,7.87976526333
16384,512,1,3,6,8614932,42,5365761.84264,0.008614932,1901814.19888,973728869.827,1.02697992325,2.92118660948,7.78983095862
16384,256,1,4,1,4137692,42,2602783.10434,0.004137692,3959695.40507,1013682023.7,0.9865026474,3.04104607109,8.10945618959
16384,256,1,4,2,4288048,42,2602783.10434,0.004288048,3820852.75165,978138304.422,1.02235031128,2.93441491327,7.82510643538
16384,256,1,4,3,4182751,42,2602783.10434,0.004182751,3917039.28826,1002762057.79,0.997245550156,3.00828617338,8.02209646235
16384,256,1,4,4,4254187,42,2602783.10434,0.004254187,3851264.64822,985923749.943,1.01427721977,2.95777124983,7.88738999955
16384,256,1,4,5,4161644,42,2602783.10434,0.004161644,3936905.70361,1007847860.12,0.992213249207,3.02354358037,8.062782881
16384,256,1,4,6,4145424,42,2602783.10434,0.004145424,3952309.82404,1011791314.95,0.988346099854,3.03537394486,8.09433051963
16384,64,1,5,1,1044090,42,660083.659795,0.00104409,15692133.8199,1004296564.47,0.995721817017,3.01288969342,8.03437251578
16384,64,1,5,2,1093085,42,660083.659795,0.001093085,14988770.3152,959281300.173,1.04244709015,2.87784390052,7.67425040139
16384,64,1,5,3,899938,42,660083.659795,0.000899938,18205698.6148,1165164711.35,0.858247756958,3.49549413404,9.32131769077
16384,64,1,5,4,895891,42,660083.659795,0.000895891,18287939.0462,1170428098.95,0.854388237,3.51128429686,9.36342479163
16384,64,1,5,5,888135,42,660083.659795,0.000888135,18447645.9097,1180649338.22,0.846991539001,3.54194801466,9.44519470576
16384,64,1,5,6,959628,42,660083.659795,0.000959628,17073282.5637,1092690084.07,0.915172576904,3.27807025222,8.74152067259
16384,1024,1,6,1,17406969,42,10771937.6728,0.017406969,941232.215672,963821788.848,1.03753620386,2.89146536654,7.71057431078
16384,1024,1,6,2,17804737,42,10771937.6728,0.017804737,920204.550059,942289459.26,1.0612450242,2.82686837778,7.53831567408
16384,1024,1,6,3,17167928,42,10771937.6728,0.017167928,954337.646337,977241749.849,1.02328824997,2.93172524955,7.81793399879
16384,1024,1,6,4,17014869,42,10771937.6728,0.017014869,962922.48856,986032628.285,1.01416522264,2.95809788486,7.88826102628
16384,1024,1,6,5,17437902,42,10771937.6728,0.017437902,939562.568937,962112070.592,1.03937995434,2.88633621178,7.69689656474
16384,1024,1,6,6,17319724,42,10771937.6728,0.017319724,945973.503966,968676868.061,1.03233599663,2.90603060418,7.74941494449
16384,128,1,7,1,1990752,42,1284671.27128,0.001990752,8230055.77792,1053447139.57,0.949264526367,3.16034141872,8.42757711659
16384,128,1,7,2,2078982,42,1284671.27128,0.002078982,7880780.11257,1008739854.41,0.991335868835,3.02621956323,8.06991883528
16384,128,1,7,3,2013886,42,1284671.27128,0.002013886,8135515.11853,1041345935.17,0.960295677185,3.12403780552,8.33076748138
16384,128,1,7,4,1960140,42,1284671.27128,0.00196014,8358586.63157,1069899088.84,0.93466758728,3.20969726652,8.55919271072
16384,128,1,7,5,2027767,42,1284671.27128,0.002027767,8079823.76673,1034217442.14,0.966914653778,3.10265232643,8.27373953714
16384,128,1,7,6,1950160,42,1284671.27128,0.00195016,8401361.93953,1075374328.26,0.929908752441,3.22612298478,8.60299462608
16384,32,1,8,1,474181,42,352736.719945,0.000474181,34552206.8577,1105670619.45,0.904428482056,3.31701185834,8.84536495558
16384,32,1,8,2,469420,42,352736.719945,0.00046942,34902645.8182,1116884666.18,0.895347595215,3.35065399855,8.93507732947
16384,32,1,8,3,436205,42,352736.719945,0.000436205,37560321.4085,1201930285.07,0.831995010376,3.60579085522,9.61544228058
16384,32,1,8,4,538669,42,352736.719945,0.000538669,30415709.8329,973302714.654,1.02742958069,2.91990814396,7.78642171723
16384,32,1,8,5,439234,42,352736.719945,0.000439234,37301301.8118,1193641657.98,0.837772369385,3.58092497393,9.54913326382
16384,32,1,8,6,436530,42,352736.719945,0.00043653,37532357.4554,1201035438.57,0.832614898682,3.60310631572,9.60828350858
16384,128,2,1,7,2331780,42,1284671.27128,0.00233178,7026391.85515,899378157.459,1.11187934875,2.69813447238,7.19502525967
16384,128,2,1,8,2354694,42,1284671.27128,0.002354694,6958016.62551,890626128.066,1.1228055954,2.6718783842,7.12500902453
16384,128,2,1,9,2329809,42,1284671.27128,0.002329809,7032336.12712,900139024.272,1.11093950272,2.70041707282,7.20111219418
16384,128,2,1,10,2040790,42,1284671.27128,0.00204079,8028263.5646,1027617736.27,0.973124504089,3.08285320881,8.22094189015
16384,128,2,1,11,1930325,42,1284671.27128,0.001930325,8487689.89678,1086424306.79,0.920450687408,3.25927292036,8.6913944543
16384,128,2,1,12,2059354,42,1284671.27128,0.002059354,7955892.96449,1018354299.46,0.981976509094,3.05506289837,8.14683439564
16384,1024,2,2,7,17210300,42,10771937.6728,0.0172103,951988.053666,974835766.954,1.02581381798,2.92450730086,7.79868613563
16384,1024,2,2,8,17039194,42,10771937.6728,0.017039194,961547.829082,984624976.98,1.01561510563,2.95387493094,7.87699981584
16384,1024,2,2,9,17703260,42,10771937.6728,0.01770326,925479.262012,947690764.3,1.05519652367,2.8430722929,7.5815261144
16384,1024,2,2,10,17331902,42,10771937.6728,0.017331902,945308.829925,967996241.844,1.03306186199,2.90398872553,7.74396993475
16384,1024,2,2,11,17218606,42,10771937.6728,0.017218606,951528.828757,974365520.647,1.02630889416,2.92309656194,7.79492416517
16384,1024,2,2,12,17257161,42,10771937.6728,0.017257161,949402.975379,972188646.788,1.02860695124,2.91656594037,7.77750917431
16384,256,2,3,7,4417642,42,2602783.10434,0.004417642,3708765.89819,949444069.936,1.05324792862,2.84833220981,7.59555255949
16384,256,2,3,8,4326825,42,2602783.10434,0.004326825,3786610.27428,969372230.215,1.03159546852,2.90811669064,7.75497784172
16384,256,2,3,9,4265033,42,2602783.10434,0.004265033,3841470.86318,983416540.974,1.01686310768,2.95024962292,7.86733232779
16384,256,2,3,10,4193242,42,2602783.10434,0.004193242,3907239.31507,1000253264.66,0.999746799469,3.00075979397,8.00202611726
16384,256,2,3,11,4339969,42,2602783.10434,0.004339969,3775142.17267,966436396.205,1.03472924232,2.89930918861,7.73149116964
16384,256,2,3,12,4383012,42,2602783.10434,0.004383012,3738068.70709,956945589.015,1.04499149323,2.87083676705,7.65556471212
16384,64,2,4,7,932897,42,660083.659795,0.000932897,17562496.1813,1123999755.6,0.889679908752,3.3719992668,8.9919980448
16384,64,2,4,8,1103131,42,660083.659795,0.001103131,14852270.4919,950545311.482,1.05202770233,2.85163593444,7.60436249185
16384,64,2,4,9,898668,42,660083.659795,0.000898668,18231426.9563,1166811325.21,0.857036590576,3.50043397562,9.33449060165
16384,64,2,4,10,890742,42,660083.659795,0.000890742,18393653.8302,1177193845.13,0.849477767944,3.53158153539,9.41755076105
16384,64,2,4,11,885685,42,660083.659795,0.000885685,18498676.1659,1183915274.62,0.844655036926,3.55174582385,9.47132219694
16384,64,2,4,12,890488,42,660083.659795,0.000890488,18398900.3782,1177529624.21,0.849235534668,3.53258887262,9.42023699365
16384,32,2,5,7,449502,42,352736.719945,0.000449502,36449226.0324,1166375233.04,0.857357025146,3.49912569911,9.33100186429
16384,32,2,5,8,411260,42,352736.719945,0.00041126,39838544.9594,1274833438.7,0.78441619873,3.8245003161,10.1986675096
16384,32,2,5,9,446594,42,352736.719945,0.000446594,36686565.4263,1173970093.64,0.851810455322,3.52191028093,9.39176074914
16384,32,2,5,10,415030,42,352736.719945,0.00041503,39476664.3375,1263253258.8,0.791606903076,3.7897597764,10.1060260704
16384,32,2,5,11,446597,42,352736.719945,0.000446597,36686318.9856,1173962207.54,0.851816177368,3.52188662262,9.39169766031
16384,32,2,5,12,437846,42,352736.719945,0.000437846,37419549.3393,1197425578.86,0.835124969482,3.59227673657,9.57940463085
16384,4096,2,6,7,68971481,42,44120056.6544,0.068971481,237547.458202,972994388.797,1.02775515616,2.91898316639,7.78395511037
16384,4096,2,6,8,69338585,42,44120056.6544,0.069338585,236289.794492,967842998.238,1.03322543204,2.90352899471,7.74274398591
16384,4096,2,6,9,69566466,42,44120056.6544,0.069566466,235515.772786,964672605.333,1.03662112355,2.894017816,7.71738084266
16384,4096,2,6,10,70019265,42,44120056.6544,0.070019265,233992.744711,958434282.336,1.04336835444,2.87530284701,7.66747425869
16384,4096,2,6,11,71207833,42,44120056.6544,0.071207833,230087.046744,942436543.463,1.0610793978,2.82730963039,7.5394923477
16384,4096,2,6,12,71197217,42,44120056.6544,0.071197217,230121.354322,942577067.303,1.06092120707,2.82773120191,7.54061653842
16384,512,2,7,7,8663372,42,5365761.84264,0.008663372,1891180.47799,968284404.733,1.03275442123,2.9048532142,7.74627523786
16384,512,2,7,8,8630038,42,5365761.84264,0.008630038,1898485.26739,972024456.903,1.02878069878,2.91607337071,7.77619565522
16384,512,2,7,9,8606045,42,5365761.84264,0.008606045,1903778.10016,974734387.282,1.02592051029,2.92420316185,7.79787509826
16384,512,2,7,10,8383003,42,5365761.84264,0.008383003,1954430.88831,1000668614.82,0.999331831932,3.00200584445,8.00534891852
16384,512,2,7,11,8635957,42,5365761.84264,0.008635957,1897184.06426,971358240.899,1.02948629856,2.9140747227,7.77086592719
16384,512,2,7,12,8431106,42,5365761.84264,0.008431106,1943280.03942,994959380.181,1.00506615639,2.98487814054,7.95967504145
16384,2048,2,8,7,34767627,42,21978482.1873,0.034767627,471242.975542,965105613.909,1.03615602851,2.89531684173,7.72084491127
16384,2048,2,8,8,34070777,42,21978482.1873,0.034070777,480881.313625,984844930.305,1.01538828015,2.95453479091,7.87875944244
16384,2048,2,8,9,34464029,42,21978482.1873,0.034464029,475394.214646,973607351.595,1.02710810304,2.92082205479,7.78885881276
16384,2048,2,8,10,34345251,42,21978482.1873,0.034345251,477038.295629,976974429.449,1.02356824279,2.93092328835,7.81579543559
16384,2048,2,8,11,34746481,42,21978482.1873,0.034746481,471529.76441,965692957.511,1.0355258286,2.89707887253,7.72554366009
16384,2048,2,8,12,34568414,42,21978482.1873,0.034568414,473958.683786,970667384.393,1.03021901846,2.91200215318,7.76533907515
16384,1024,3,1,13,17244724,42,10771937.6728,0.017244724,950087.690589,972889795.163,1.02786564827,2.91866938549,7.7831183613
16384,1024,3,1,14,17193777,42,10771937.6728,0.017193777,952902.902021,975772571.669,1.02482897043,2.92731771501,7.80618057336
16384,1024,3,1,15,17060330,42,10771937.6728,0.01706033,960356.569891,983405127.568,1.0168749094,2.9502153827,7.86724102054
16384,1024,3,1,16,17779076,42,10771937.6728,0.017779076,921532.705074,943649489.996,1.05971550941,2.83094846999,7.54919591997
16384,1024,3,1,17,17292621,42,10771937.6728,0.017292621,947456.143288,970195090.727,1.03072053194,2.91058527218,7.76156072581
16384,1024,3,1,18,17109490,42,10771937.6728,0.01710949,957597.216516,980579549.712,1.01980507374,2.94173864914,7.8446363977
16384,4096,3,2,13,68960439,42,44120056.6544,0.068960439,237585.494489,973150185.427,1.02759061754,2.91945055628,7.78520148342
16384,4096,3,2,14,69683606,42,44120056.6544,0.069683606,235119.864492,963050964.957,1.03836664557,2.88915289487,7.70440771966
16384,4096,3,2,15,69092010,42,44120056.6544,0.06909201,237133.063577,971297028.412,1.02955117822,2.91389108524,7.77037622729
16384,4096,3,2,16,68904623,42,44120056.6544,0.068904623,237777.949964,973938483.054,1.02675889432,2.92181544916,7.79150786443
16384,4096,3,2,17,69442101,42,44120056.6544,0.069442101,235937.561855,966400253.356,1.03476794064,2.89920076007,7.73120202685
16384,4096,3,2,18,69950361,42,44120056.6544,0.069950361,234223.237247,959378379.763,1.04234160483,2.87813513929,7.6750270381
16384,64,3,3,13,976764,42,660083.659795,0.000976764,16773754.9705,1073520318.11,0.93151473999,3.22056095433,8.58816254489
16384,64,3,3,14,950102,42,660083.659795,0.000950102,17244464.2786,1103645713.83,0.906087875366,3.31093714149,8.82916571063
16384,64,3,3,15,917411,42,660083.659795,0.000917411,17858953.0756,1142972996.84,0.874911308289,3.42891899051,9.14378397469
16384,64,3,3,16,889586,42,660083.659795,0.000889586,18417556.0317,1178723586.03,0.848375320435,3.53617075808,9.42978868822
16384,64,3,3,17,883675,42,660083.659795,0.000883675,18540753.1049,1186608198.72,0.84273815155,3.55982459615,9.49286558972
16384,64,3,3,18,917717,42,660083.659795,0.000917717,17852998.2555,1142591888.35,0.875203132629,3.42777566505,9.14073510679
16384,32,3,4,13,592366,42,352736.719945,0.000592366,27658575.948,885074430.335,1.12984848022,2.65522329101,7.08059544268
16384,32,3,4,14,544625,42,352736.719945,0.000544625,30083084.6913,962658710.122,1.03878974915,2.88797613036,7.70126968097
16384,32,3,4,15,597029,42,352736.719945,0.000597029,27442553.0418,878161697.338,1.1387424469,2.63448509201,7.0252935787
16384,32,3,4,16,565779,42,352736.719945,0.000565779,28958303.5072,926665712.23,1.07913780212,2.77999713669,7.41332569784
16384,32,3,4,17,629866,42,352736.719945,0.000629866,26011881.8923,832380220.555,1.20137405396,2.49714066166,6.65904176444
16384,32,3,4,18,578543,42,352736.719945,0.000578543,28319416.1886,906221318.035,1.10348320007,2.71866395411,7.24977054428
16384,128,3,5,13,2582420,42,1284671.27128,0.00258242,6344436.61372,812087886.556,1.23139381409,2.43626365967,6.49670309245
16384,128,3,5,14,2089306,42,1284671.27128,0.002089306,7841838.39036,1003755313.97,0.996258735657,3.0112659419,8.03004251172
16384,128,3,5,15,1954258,42,1284671.27128,0.001954258,8383744.62328,1073119311.78,0.931862831116,3.21935793534,8.58495449424
16384,128,3,5,16,1957269,42,1284671.27128,0.001957269,8370847.33882,1071468459.37,0.933298587799,3.21440537811,8.57174767495
16384,128,3,5,17,1962936,42,1284671.27128,0.001962936,8346680.68648,1068375127.87,0.936000823975,3.20512538361,8.54700102296
16384,128,3,5,18,1963354,42,1284671.27128,0.001963354,8344903.66994,1068147669.75,0.936200141907,3.20444300926,8.54518135802
16384,2048,3,6,13,35306130,42,21978482.1873,0.03530613,464055.392081,950385442.981,1.05220466852,2.85115632894,7.60308354385
16384,2048,3,6,14,35841832,42,21978482.1873,0.035841832,457119.49099,936180717.548,1.06816983223,2.80854215264,7.48944574039
16384,2048,3,6,15,34450783,42,21978482.1873,0.034450783,475576.999222,973981694.407,1.02671334147,2.92194508322,7.79185355526
16384,2048,3,6,16,34245258,42,21978482.1873,0.034245258,478431.203526,979827104.821,1.02058821917,2.93948131446,7.83861683857
16384,2048,3,6,17,34598124,42,21978482.1873,0.034598124,473551.687369,969833855.732,1.03110444546,2.90950156719,7.75867084585
16384,2048,3,6,18,34425316,42,21978482.1873,0.034425316,475928.819361,974702222.051,1.02595436573,2.92410666615,7.79761777641
16384,256,3,7,13,4253294,42,2602783.10434,0.004253294,3852073.24018,986130749.485,1.01406431198,2.95839224845,7.88904599588
16384,256,3,7,14,4155308,42,2602783.10434,0.004155308,3942908.68451,1009384623.23,0.990702629089,3.0281538697,8.07507698587
16384,256,3,7,15,4127070,42,2602783.10434,0.00412707,3969886.62659,1016290976.41,0.983970165253,3.04887292922,8.13032781126
16384,256,3,7,16,4292452,42,2602783.10434,0.004292452,3816932.60635,977134747.226,1.0234003067,2.93140424168,7.81707797781
16384,256,3,7,17,4221370,42,2602783.10434,0.00422137,3881204.44311,993588337.435,1.00645303726,2.98076501231,7.94870669948
16384,256,3,7,18,4106847,42,2602783.10434,0.004106847,3989435.20418,1021295412.27,0.979148626328,3.06388623681,8.17036329817
16384,512,3,8,13,8517158,42,5365761.84264,0.008517158,1923646.36185,984906937.267,1.01532435417,2.9547208118,7.87925549814
16384,512,3,8,14,8913912,42,5365761.84264,0.008913912,1838025.77364,941069196.106,1.06262111664,2.82320758832,7.52855356885
16384,512,3,8,15,8562819,42,5365761.84264,0.008562819,1913388.56982,979654947.746,1.02076756954,2.93896484324,7.83723958196
16384,512,3,8,16,8579695,42,5365761.84264,0.008579695,1909624.9925,977727996.158,1.02277934551,2.93318398848,7.82182396927
16384,512,3,8,17,8570060,42,5365761.84264,0.00857006,1911771.91292,978827219.413,1.02163076401,2.93648165824,7.8306177553
16384,512,3,8,18,8564197,42,5365761.84264,0.008564197,1913080.70097,979497318.896,1.02093183994,2.93849195669,7.83597855117
16384,2048,4,1,19,34357345,42,21978482.1873,0.034357345,476870.37517,976630528.348,1.02392867208,2.92989158505,7.81304422679
16384,2048,4,1,20,34832126,42,21978482.1873,0.034832126,470370.370158,963318518.083,1.0380782485,2.88995555425,7.70654814466
16384,2048,4,1,21,35062862,42,21978482.1873,0.035062862,467275.033053,956979267.694,1.04495471716,2.87093780308,7.65583414155
16384,2048,4,1,22,35439731,42,21978482.1873,0.035439731,462305.992108,946802671.837,1.0561862886,2.84040801551,7.5744213747
16384,2048,4,1,23,34982063,42,21978482.1873,0.034982063,468354.310608,959189628.125,1.04254671931,2.87756888437,7.673517025
16384,2048,4,1,24,34853715,42,21978482.1873,0.034853715,470079.014533,962721821.763,1.03872165084,2.88816546529,7.7017745741
16384,1024,4,2,19,17175149,42,10771937.6728,0.017175149,953936.411265,976830885.135,1.02371865511,2.93049265541,7.81464708108
16384,1024,4,2,20,17076203,42,10771937.6728,0.017076203,959463.880817,982491013.957,1.01782101393,2.94747304187,7.85992811165
16384,1024,4,2,21,17192717,42,10771937.6728,0.017192717,952961.652309,975832731.964,1.02476578951,2.92749819589,7.80666185571
16384,1024,4,2,22,17190513,42,10771937.6728,0.017190513,953083.831762,975957843.725,1.02463442087,2.92787353117,7.8076627498
16384,1024,4,2,23,17278799,42,10771937.6728,0.017278799,948214.05122,970971188.449,1.02989667654,2.91291356535,7.76776950759
16384,1024,4,2,24,17167143,42,10771937.6728,0.017167143,954381.285226,977286436.072,1.02324146032,2.93185930821,7.81829148857
16384,128,4,3,19,1953433,42,1284671.27128,0.001953433,8387285.35865,1073572525.91,0.93146944046,3.22071757772,8.58858020726
16384,128,4,3,20,2106989,42,1284671.27128,0.002106989,7776025.40877,995331252.323,1.00469064713,2.98599375697,7.96265001858
16384,128,4,3,21,1968287,42,1284671.27128,0.001968287,8323989.33692,1065470635.13,0.938552379608,3.19641190538,8.52376508101
16384,128,4,3,22,1968715,42,1284671.27128,0.001968715,8322179.69589,1065239001.07,0.938756465912,3.19571700322,8.52191200859
16384,128,4,3,23,2020317,42,1284671.27128,0.002020317,8109618.44107,1038031160.46,0.963362216949,3.11409348137,8.30424928365
16384,128,4,3,24,1962338,42,1284671.27128,0.001962338,8349224.2417,1068700702.94,0.935715675354,3.20610210881,8.5496056235
16384,4096,4,4,19,69454196,42,44120056.6544,0.069454196,235896.474851,966231960.989,1.03494817019,2.89869588297,7.72985568791
16384,4096,4,4,20,69028071,42,44120056.6544,0.069028071,237352.714086,972196716.898,1.02859841287,2.91659015069,7.77757373518
16384,4096,4,4,21,69040774,42,44120056.6544,0.069040774,237309.042914,972017839.777,1.02878770232,2.91605351933,7.77614271821
16384,4096,4,4,22,69419383,42,44120056.6544,0.069419383,236014.774145,966716514.896,1.03442941606,2.90014954469,7.73373211917
16384,4096,4,4,23,69139934,42,44120056.6544,0.069139934,236968.695978,970623778.727,1.03026530147,2.91187133618,7.76499022981
16384,4096,4,4,24,69245751,42,44120056.6544,0.069245751,236606.575326,969140532.536,1.03184209764,2.90742159761,7.75312426029
16384,512,4,5,19,8450778,42,5365761.84264,0.008450778,1938756.40799,992643280.891,1.00741124153,2.97792984267,7.94114624713
16384,512,4,5,20,8736716,42,5365761.84264,0.008736716,1875304.17608,960155738.151,1.04149770737,2.88046721445,7.68124590521
16384,512,4,5,21,8953256,42,5365761.84264,0.008953256,1829948.79181,936933781.409,1.06731128693,2.81080134423,7.49547025127
16384,512,4,5,22,8577544,42,5365761.84264,0.008577544,1910103.87122,977973182.067,1.02252292633,2.9339195462,7.82378545654
16384,512,4,5,23,8546046,42,5365761.84264,0.008546046,1917143.90491,981577679.315,1.01876807213,2.94473303795,7.85262143452
16384,512,4,5,24,8637784,42,5365761.84264,0.008637784,1896782.78596,971152786.409,1.02970409393,2.91345835923,7.76922229127
16384,32,4,6,19,409229,42,352736.719945,0.000409229,40036263.3147,1281160426.07,0.780542373657,3.84348127821,10.2492834086
16384,32,4,6,20,536211,42,352736.719945,0.000536211,30555135.9446,977764350.228,1.02274131775,2.93329305068,7.82211480182
16384,32,4,6,21,422955,42,352736.719945,0.000422955,38736981.4756,1239583407.22,0.806722640991,3.71875022165,9.91666725775
16384,32,4,6,22,412244,42,352736.719945,0.000412244,39743452.9065,1271790493.01,0.786293029785,3.81537147903,10.1743239441
16384,32,4,6,23,448891,42,352736.719945,0.000448891,36498838.248,1167962823.94,0.856191635132,3.50388847181,9.3437025915
16384,32,4,6,24,413186,42,352736.719945,0.000413186,39652843.9976,1268891007.92,0.788089752197,3.80667302377,10.1511280634
16384,256,4,7,19,4279857,42,2602783.10434,0.004279857,3828165.28683,980010313.429,1.0203974247,2.94003094029,7.84008250743
16384,256,4,7,20,4135326,42,2602783.10434,0.004135326,3961960.91916,1014261995.31,0.985938549042,3.04278598592,8.11409596245
16384,256,4,7,21,4205118,42,2602783.10434,0.004205118,3896204.57737,997428371.808,1.00257825851,2.99228511542,7.97942697446
16384,256,4,7,22,4256226,42,2602783.10434,0.004256226,3849419.65018,985451430.446,1.01476335526,2.95635429134,7.88361144357
16384,256,4,7,23,4163703,42,2602783.10434,0.004163703,3934958.85754,1007349467.53,0.992704153061,3.02204840259,8.05879574023
16384,256,4,7,24,4263563,42,2602783.10434,0.004263563,3842795.33339,983755605.347,1.01651263237,2.95126681604,7.87004484278
16384,64,4,8,19,892610,42,660083.659795,0.00089261,18355160.7085,1174730285.34,0.851259231567,3.52419085603,9.39784228274
16384,64,4,8,20,891637,42,660083.659795,0.000891637,18375190.8007,1176012211.25,0.850331306458,3.52803663374,9.40809768998
16384,64,4,8,21,871613,42,660083.659795,0.000871613,18797333.2201,1203029326.09,0.831234931946,3.60908797827,9.62423460871
16384,64,4,8,22,867433,42,660083.659795,0.000867433,18887914.1098,1208826503.03,0.827248573303,3.62647950908,9.67061202421
16384,64,4,8,23,874956,42,660083.659795,0.000874956,18725513.0544,1198432835.48,0.834423065186,3.59529850644,9.58746268384
16384,64,4,8,24,869863,42,660083.659795,0.000869863,18835149.9029,1205449593.79,0.829566001892,3.61634878136,9.64359675029
16384,2048,5,1,25,34299635,42,21978482.1873,0.034299635,477672.72159,978273733.817,1.02220878005,2.93482120145,7.82618987053
16384,2048,5,1,26,34318462,42,21978482.1873,0.034318462,477410.671842,977737055.932,1.02276986837,2.9332111678,7.82189644746
16384,2048,5,1,27,34147213,42,21978482.1873,0.034147213,479804.896523,982640428.078,1.01766625047,2.94792128423,7.86112342463
16384,2048,5,1,28,34554236,42,21978482.1873,0.034554236,474153.154479,971065660.372,1.02979648113,2.91319698112,7.76852528298
16384,2048,5,1,29,34482208,42,21978482.1873,0.034482208,475143.587093,973094066.366,1.02764987946,2.9192821991,7.78475253093
16384,2048,5,1,30,34166686,42,21978482.1873,0.034166686,479531.435972,982080380.872,1.01824659109,2.94624114261,7.85664304697
16384,64,5,2,25,972923,42,660083.659795,0.000972923,16839976.031,1077758465.98,0.927851676941,3.23327539795,8.62206772787
16384,64,5,2,26,1013908,42,660083.659795,0.001013908,16159257.0529,1034192451.39,0.966938018799,3.10257735416,8.27353961109
16384,64,5,2,27,904891,42,660083.659795,0.000904891,18106048.1318,1158787080.43,0.862971305847,3.4763612413,9.27029664346
16384,64,5,2,28,899405,42,660083.659795,0.000899405,18216487.5668,1165855204.27,0.857739448547,3.49756561282,9.32684163419
16384,64,5,2,29,914260,42,660083.659795,0.00091426,17920504.0142,1146912256.91,0.871906280518,3.44073677072,9.17529805526
16384,64,5,2,30,1041031,42,660083.659795,0.001041031,15738244.1061,1007247622.79,0.992804527283,3.02174286837,8.05798098231
16384,128,5,3,25,1997121,42,1284671.27128,0.001997121,8203809.38361,1050087601.1,0.952301502228,3.15026280331,8.40070080881
16384,128,5,3,26,2197603,42,1284671.27128,0.002197603,7455395.71979,954290652.133,1.04789876938,2.8628719564,7.63432521707
16384,128,5,3,27,2009491,42,1284671.27128,0.002009491,8153308.47463,1043623484.75,0.958199977875,3.13087045426,8.34898787802
16384,128,5,3,28,2001836,42,1284671.27128,0.002001836,8184486.64126,1047614290.08,0.954549789429,3.14284287025,8.38091432065
16384,128,5,3,29,1951958,42,1284671.27128,0.001951958,8393623.22345,1074383772.6,0.930766105652,3.2231513178,8.59507018081
16384,128,5,3,30,1946133,42,1284671.27128,0.001946133,8418746.30357,1077599526.86,0.927988529205,3.23279858057,8.62079621485
16384,4096,5,4,25,82166663,42,44120056.6544,0.082166663,199399.603219,816740774.784,1.22437869012,2.45022232435,6.53392619827
16384,4096,5,4,26,77653173,42,44120056.6544,0.077653173,210989.446626,864212773.379,1.15712244809,2.59263832014,6.91370218703
16384,4096,5,4,27,75356781,42,44120056.6544,0.075356781,217419.053502,890548443.145,1.12290354073,2.67164532944,7.12438754516
16384,4096,5,4,28,68858373,42,44120056.6544,0.068858373,237937.657923,974592646.852,1.02606971562,2.92377794056,7.79674117482
16384,4096,5,4,29,68891865,42,44120056.6544,0.068891865,237821.983771,974118845.527,1.02656878531,2.92235653658,7.79295076422
16384,4096,5,4,30,69935468,42,44120056.6544,0.069935468,234273.115896,959582682.71,1.04211968184,2.87874804813,7.67666146168
16384,512,5,5,25,8537840,42,5365761.84264,0.00853784,1918986.53524,982521106.041,1.0177898407,2.94756331812,7.86016884833
16384,512,5,5,26,8623069,42,5365761.84264,0.008623069,1900019.58699,972810028.541,1.02794992924,2.91843008562,7.78248022833
16384,512,5,5,27,8586577,42,5365761.84264,0.008586577,1908094.45953,976944363.278,1.02359974384,2.93083308983,7.81555490622
16384,512,5,5,28,8596489,42,5365761.84264,0.008596489,1905894.37153,975817918.222,1.02478134632,2.92745375467,7.80654334578
16384,512,5,5,29,8478355,42,5365761.84264,0.008478355,1932450.33972,989414573.936,1.01069867611,2.96824372181,7.91531659149
16384,512,5,5,30,8609545,42,5365761.84264,0.008609545,1903004.16573,974338132.851,1.02633774281,2.92301439855,7.79470506281
16384,256,5,6,25,4429049,42,2602783.10434,0.004429049,3699213.98476,946998780.099,1.05596756935,2.8409963403,7.57599024079
16384,256,5,6,26,4935767,42,2602783.10434,0.004935767,3319443.56369,849777552.303,1.17677855492,2.54933265691,6.79822041843
16384,256,5,6,27,4222828,42,2602783.10434,0.004222828,3879864.39419,993245284.913,1.00680065155,2.97973585474,7.94596227931
16384,256,5,6,28,4131914,42,2602783.10434,0.004131914,3965232.57744,1015099539.83,0.98512506485,3.04529861948,8.12079631861
16384,256,5,6,29,4279680,42,2602783.10434,0.00427968,3828323.61298,980050844.923,1.02035522461,2.94015253477,7.84040675938
16384,256,5,6,30,4463606,42,2602783.10434,0.004463606,3670574.86705,939667165.964,1.06420660019,2.81900149789,7.51733732771
16384,32,5,7,25,409393,42,352736.719945,0.000409393,40020225.0649,1280647202.08,0.780855178833,3.84194160623,10.2451776166
16384,32,5,7,26,449170,42,352736.719945,0.00044917,36476167.1527,1167237348.89,0.8567237854,3.50171204666,9.3378987911
16384,32,5,7,27,409797,42,352736.719945,0.000409797,39980770.9671,1279384670.95,0.781625747681,3.83815401284,10.2350773676
16384,32,5,7,28,445225,42,352736.719945,0.000445225,36799371.1045,1177579875.34,0.849199295044,3.53273962603,9.42063900275
16384,32,5,7,29,408308,42,352736.719945,0.000408308,40126571.1179,1284050275.77,0.778785705566,3.85215082732,10.2724022062
16384,32,5,7,30,439319,42,352736.719945,0.000439319,37294084.7084,1193410710.67,0.837934494019,3.580232132,9.54728568534
16384,1024,5,8,25,17214095,42,10771937.6728,0.017214095,951778.179451,974620855.758,1.0260400176,2.92386256727,7.79696684606
16384,1024,5,8,26,17347296,42,10771937.6728,0.017347296,944469.96235,967137241.447,1.03397941589,2.90141172434,7.73709793157
16384,1024,5,8,27,17291728,42,10771937.6728,0.017291728,947505.072946,970245194.697,1.03066730499,2.91073558409,7.76196155757
16384,1024,5,8,28,17118053,42,10771937.6728,0.017118053,957118.195627,980089032.322,1.02031546831,2.94026709696,7.84071225857
16384,1024,5,8,29,17325506,42,10771937.6728,0.017325506,945657.806473,968353593.829,1.03268063068,2.90506078149,7.74682875063
16384,1024,5,8,30,17202410,42,10771937.6728,0.01720241,952424.689331,975282881.875,1.02534353733,2.92584864563,7.802263055
