N,T,batch,order_position,repetition,elapsed_ns,seed,checksum
16384,2048,1,1,1,34052384,42,21978482.187348239
16384,2048,1,1,2,34261583,42,21978482.187348239
16384,2048,1,1,3,34063759,42,21978482.187348239
16384,2048,1,1,4,34046293,42,21978482.187348239
16384,2048,1,1,5,34236623,42,21978482.187348239
16384,2048,1,1,6,34048478,42,21978482.187348239
16384,4096,1,2,1,69759245,42,44120056.654433712
16384,4096,1,2,2,69397435,42,44120056.654433712
16384,4096,1,2,3,69659930,42,44120056.654433712
16384,4096,1,2,4,70648805,42,44120056.654433712
16384,4096,1,2,5,69420754,42,44120056.654433712
16384,4096,1,2,6,71243136,42,44120056.654433712
16384,512,1,3,1,8632845,42,5365761.8426366011
16384,512,1,3,2,8408843,42,5365761.8426366011
16384,512,1,3,3,8623278,42,5365761.8426366011
16384,512,1,3,4,8552982,42,5365761.8426366011
16384,512,1,3,5,8516607,42,5365761.8426366011
16384,512,1,3,6,8614932,42,5365761.8426366011
16384,256,1,4,1,4137692,42,2602783.1043406166
16384,256,1,4,2,4288048,42,2602783.1043406166
16384,256,1,4,3,4182751,42,2602783.1043406166
16384,256,1,4,4,4254187,42,2602783.1043406166
16384,256,1,4,5,4161644,42,2602783.1043406166
16384,256,1,4,6,4145424,42,2602783.1043406166
16384,64,1,5,1,1044090,42,660083.65979530779
16384,64,1,5,2,1093085,42,660083.65979530779
16384,64,1,5,3,899938,42,660083.65979530779
16384,64,1,5,4,895891,42,660083.65979530779
16384,64,1,5,5,888135,42,660083.65979530779
16384,64,1,5,6,959628,42,660083.65979530779
16384,1024,1,6,1,17406969,42,10771937.672788229
16384,1024,1,6,2,17804737,42,10771937.672788229
16384,1024,1,6,3,17167928,42,10771937.672788229
16384,1024,1,6,4,17014869,42,10771937.672788229
16384,1024,1,6,5,17437902,42,10771937.672788229
16384,1024,1,6,6,17319724,42,10771937.672788229
16384,128,1,7,1,1990752,42,1284671.2712755087
16384,128,1,7,2,2078982,42,1284671.2712755087
16384,128,1,7,3,2013886,42,1284671.2712755087
16384,128,1,7,4,1960140,42,1284671.2712755087
16384,128,1,7,5,2027767,42,1284671.2712755087
16384,128,1,7,6,1950160,42,1284671.2712755087
16384,32,1,8,1,474181,42,352736.71994500834
16384,32,1,8,2,469420,42,352736.71994500834
16384,32,1,8,3,436205,42,352736.71994500834
16384,32,1,8,4,538669,42,352736.71994500834
16384,32,1,8,5,439234,42,352736.71994500834
16384,32,1,8,6,436530,42,352736.71994500834
16384,128,2,1,7,2331780,42,1284671.2712755087
16384,128,2,1,8,2354694,42,1284671.2712755087
16384,128,2,1,9,2329809,42,1284671.2712755087
16384,128,2,1,10,2040790,42,1284671.2712755087
16384,128,2,1,11,1930325,42,1284671.2712755087
16384,128,2,1,12,2059354,42,1284671.2712755087
16384,1024,2,2,7,17210300,42,10771937.672788229
16384,1024,2,2,8,17039194,42,10771937.672788229
16384,1024,2,2,9,17703260,42,10771937.672788229
16384,1024,2,2,10,17331902,42,10771937.672788229
16384,1024,2,2,11,17218606,42,10771937.672788229
16384,1024,2,2,12,17257161,42,10771937.672788229
16384,256,2,3,7,4417642,42,2602783.1043406166
16384,256,2,3,8,4326825,42,2602783.1043406166
16384,256,2,3,9,4265033,42,2602783.1043406166
16384,256,2,3,10,4193242,42,2602783.1043406166
16384,256,2,3,11,4339969,42,2602783.1043406166
16384,256,2,3,12,4383012,42,2602783.1043406166
16384,64,2,4,7,932897,42,660083.65979530779
16384,64,2,4,8,1103131,42,660083.65979530779
16384,64,2,4,9,898668,42,660083.65979530779
16384,64,2,4,10,890742,42,660083.65979530779
16384,64,2,4,11,885685,42,660083.65979530779
16384,64,2,4,12,890488,42,660083.65979530779
16384,32,2,5,7,449502,42,352736.71994500834
16384,32,2,5,8,411260,42,352736.71994500834
16384,32,2,5,9,446594,42,352736.71994500834
16384,32,2,5,10,415030,42,352736.71994500834
16384,32,2,5,11,446597,42,352736.71994500834
16384,32,2,5,12,437846,42,352736.71994500834
16384,4096,2,6,7,68971481,42,44120056.654433712
16384,4096,2,6,8,69338585,42,44120056.654433712
16384,4096,2,6,9,69566466,42,44120056.654433712
16384,4096,2,6,10,70019265,42,44120056.654433712
16384,4096,2,6,11,71207833,42,44120056.654433712
16384,4096,2,6,12,71197217,42,44120056.654433712
16384,512,2,7,7,8663372,42,5365761.8426366011
16384,512,2,7,8,8630038,42,5365761.8426366011
16384,512,2,7,9,8606045,42,5365761.8426366011
16384,512,2,7,10,8383003,42,5365761.8426366011
16384,512,2,7,11,8635957,42,5365761.8426366011
16384,512,2,7,12,8431106,42,5365761.8426366011
16384,2048,2,8,7,34767627,42,21978482.187348239
16384,2048,2,8,8,34070777,42,21978482.187348239
16384,2048,2,8,9,34464029,42,21978482.187348239
16384,2048,2,8,10,34345251,42,21978482.187348239
16384,2048,2,8,11,34746481,42,21978482.187348239
16384,2048,2,8,12,34568414,42,21978482.187348239
16384,1024,3,1,13,17244724,42,10771937.672788229
16384,1024,3,1,14,17193777,42,10771937.672788229
16384,1024,3,1,15,17060330,42,10771937.672788229
16384,1024,3,1,16,17779076,42,10771937.672788229
16384,1024,3,1,17,17292621,42,10771937.672788229
16384,1024,3,1,18,17109490,42,10771937.672788229
16384,4096,3,2,13,68960439,42,44120056.654433712
16384,4096,3,2,14,69683606,42,44120056.654433712
16384,4096,3,2,15,69092010,42,44120056.654433712
16384,4096,3,2,16,68904623,42,44120056.654433712
16384,4096,3,2,17,69442101,42,44120056.654433712
16384,4096,3,2,18,69950361,42,44120056.654433712
16384,64,3,3,13,976764,42,660083.65979530779
16384,64,3,3,14,950102,42,660083.65979530779
16384,64,3,3,15,917411,42,660083.65979530779
16384,64,3,3,16,889586,42,660083.65979530779
16384,64,3,3,17,883675,42,660083.65979530779
16384,64,3,3,18,917717,42,660083.65979530779
16384,32,3,4,13,592366,42,352736.71994500834
16384,32,3,4,14,544625,42,352736.71994500834
16384,32,3,4,15,597029,42,352736.71994500834
16384,32,3,4,16,565779,42,352736.71994500834
16384,32,3,4,17,629866,42,352736.71994500834
16384,32,3,4,18,578543,42,352736.71994500834
16384,128,3,5,13,2582420,42,1284671.2712755087
16384,128,3,5,14,2089306,42,1284671.2712755087
16384,128,3,5,15,1954258,42,1284671.2712755087
16384,128,3,5,16,1957269,42,1284671.2712755087
16384,128,3,5,17,1962936,42,1284671.2712755087
16384,128,3,5,18,1963354,42,1284671.2712755087
16384,2048,3,6,13,35306130,42,21978482.187348239
16384,2048,3,6,14,35841832,42,21978482.187348239
16384,2048,3,6,15,34450783,42,21978482.187348239
16384,2048,3,6,16,34245258,42,21978482.187348239
16384,2048,3,6,17,34598124,42,21978482.187348239
16384,2048,3,6,18,34425316,42,21978482.187348239
16384,256,3,7,13,4253294,42,2602783.1043406166
16384,256,3,7,14,4155308,42,2602783.1043406166
16384,256,3,7,15,4127070,42,2602783.1043406166
16384,256,3,7,16,4292452,42,2602783.1043406166
16384,256,3,7,17,4221370,42,2602783.1043406166
16384,256,3,7,18,4106847,42,2602783.1043406166
16384,512,3,8,13,8517158,42,5365761.8426366011
16384,512,3,8,14,8913912,42,5365761.8426366011
16384,512,3,8,15,8562819,42,5365761.8426366011
16384,512,3,8,16,8579695,42,5365761.8426366011
16384,512,3,8,17,8570060,42,5365761.8426366011
16384,512,3,8,18,8564197,42,5365761.8426366011
16384,2048,4,1,19,34357345,42,21978482.187348239
16384,2048,4,1,20,34832126,42,21978482.187348239
16384,2048,4,1,21,35062862,42,21978482.187348239
16384,2048,4,1,22,35439731,42,21978482.187348239
16384,2048,4,1,23,34982063,42,21978482.187348239
16384,2048,4,1,24,34853715,42,21978482.187348239
16384,1024,4,2,19,17175149,42,10771937.672788229
16384,1024,4,2,20,17076203,42,10771937.672788229
16384,1024,4,2,21,17192717,42,10771937.672788229
16384,1024,4,2,22,17190513,42,10771937.672788229
16384,1024,4,2,23,17278799,42,10771937.672788229
16384,1024,4,2,24,17167143,42,10771937.672788229
16384,128,4,3,19,1953433,42,1284671.2712755087
16384,128,4,3,20,2106989,42,1284671.2712755087
16384,128,4,3,21,1968287,42,1284671.2712755087
16384,128,4,3,22,1968715,42,1284671.2712755087
16384,128,4,3,23,2020317,42,1284671.2712755087
16384,128,4,3,24,1962338,42,1284671.2712755087
16384,4096,4,4,19,69454196,42,44120056.654433712
16384,4096,4,4,20,69028071,42,44120056.654433712
16384,4096,4,4,21,69040774,42,44120056.654433712
16384,4096,4,4,22,69419383,42,44120056.654433712
16384,4096,4,4,23,69139934,42,44120056.654433712
16384,4096,4,4,24,69245751,42,44120056.654433712
16384,512,4,5,19,8450778,42,5365761.8426366011
16384,512,4,5,20,8736716,42,5365761.8426366011
16384,512,4,5,21,8953256,42,5365761.8426366011
16384,512,4,5,22,8577544,42,5365761.8426366011
16384,512,4,5,23,8546046,42,5365761.8426366011
16384,512,4,5,24,8637784,42,5365761.8426366011
16384,32,4,6,19,409229,42,352736.71994500834
16384,32,4,6,20,536211,42,352736.71994500834
16384,32,4,6,21,422955,42,352736.71994500834
16384,32,4,6,22,412244,42,352736.71994500834
16384,32,4,6,23,448891,42,352736.71994500834
16384,32,4,6,24,413186,42,352736.71994500834
16384,256,4,7,19,4279857,42,2602783.1043406166
16384,256,4,7,20,4135326,42,2602783.1043406166
16384,256,4,7,21,4205118,42,2602783.1043406166
16384,256,4,7,22,4256226,42,2602783.1043406166
16384,256,4,7,23,4163703,42,2602783.1043406166
16384,256,4,7,24,4263563,42,2602783.1043406166
16384,64,4,8,19,892610,42,660083.65979530779
16384,64,4,8,20,891637,42,660083.65979530779
16384,64,4,8,21,871613,42,660083.65979530779
16384,64,4,8,22,867433,42,660083.65979530779
16384,64,4,8,23,874956,42,660083.65979530779
16384,64,4,8,24,869863,42,660083.65979530779
16384,2048,5,1,25,34299635,42,21978482.187348239
16384,2048,5,1,26,34318462,42,21978482.187348239
16384,2048,5,1,27,34147213,42,21978482.187348239
16384,2048,5,1,28,34554236,42,21978482.187348239
16384,2048,5,1,29,34482208,42,21978482.187348239
16384,2048,5,1,30,34166686,42,21978482.187348239
16384,64,5,2,25,972923,42,660083.65979530779
16384,64,5,2,26,1013908,42,660083.65979530779
16384,64,5,2,27,904891,42,660083.65979530779
16384,64,5,2,28,899405,42,660083.65979530779
16384,64,5,2,29,914260,42,660083.65979530779
16384,64,5,2,30,1041031,42,660083.65979530779
16384,128,5,3,25,1997121,42,1284671.2712755087
16384,128,5,3,26,2197603,42,1284671.2712755087
16384,128,5,3,27,2009491,42,1284671.2712755087
16384,128,5,3,28,2001836,42,1284671.2712755087
16384,128,5,3,29,1951958,42,1284671.2712755087
16384,128,5,3,30,1946133,42,1284671.2712755087
16384,4096,5,4,25,82166663,42,44120056.654433712
16384,4096,5,4,26,77653173,42,44120056.654433712
16384,4096,5,4,27,75356781,42,44120056.654433712
16384,4096,5,4,28,68858373,42,44120056.654433712
16384,4096,5,4,29,68891865,42,44120056.654433712
16384,4096,5,4,30,69935468,42,44120056.654433712
16384,512,5,5,25,8537840,42,5365761.8426366011
16384,512,5,5,26,8623069,42,5365761.8426366011
16384,512,5,5,27,8586577,42,5365761.8426366011
16384,512,5,5,28,8596489,42,5365761.8426366011
16384,512,5,5,29,8478355,42,5365761.8426366011
16384,512,5,5,30,8609545,42,5365761.8426366011
16384,256,5,6,25,4429049,42,2602783.1043406166
16384,256,5,6,26,4935767,42,2602783.1043406166
16384,256,5,6,27,4222828,42,2602783.1043406166
16384,256,5,6,28,4131914,42,2602783.1043406166
16384,256,5,6,29,4279680,42,2602783.1043406166
16384,256,5,6,30,4463606,42,2602783.1043406166
16384,32,5,7,25,409393,42,352736.71994500834
16384,32,5,7,26,449170,42,352736.71994500834
16384,32,5,7,27,409797,42,352736.71994500834
16384,32,5,7,28,445225,42,352736.71994500834
16384,32,5,7,29,408308,42,352736.71994500834
16384,32,5,7,30,439319,42,352736.71994500834
16384,1024,5,8,25,17214095,42,10771937.672788229
16384,1024,5,8,26,17347296,42,10771937.672788229
16384,1024,5,8,27,17291728,42,10771937.672788229
16384,1024,5,8,28,17118053,42,10771937.672788229
16384,1024,5,8,29,17325506,42,10771937.672788229
16384,1024,5,8,30,17202410,42,10771937.672788229
